{
  "bundle_created": "2026-01-13T13:52:40.371728",
  "source_run_dir": "derived",
  "run_id": "adfa02d6-f683-4681-9b2b-3a4319ffdf1c",
  "task_type": "meta",
  "folds": {
    "fold1": {
      "artifact_count": 14,
      "artifacts": [
        {
          "path": "fold1/binary_smote/cm_meta_fold1.png",
          "size_bytes": 113571,
          "suffix": ".png"
        },
        {
          "path": "fold1/binary_smote/meta_model.joblib",
          "size_bytes": 1567,
          "suffix": ".joblib"
        },
        {
          "path": "fold1/binary_smote/meta_classes.csv",
          "size_bytes": 28,
          "suffix": ".csv"
        },
        {
          "path": "fold1/binary_smote/meta_features.csv",
          "size_bytes": 153,
          "suffix": ".csv"
        },
        {
          "path": "fold1/binary_smote/roc_meta_fold1.png",
          "size_bytes": 186106,
          "suffix": ".png"
        },
        {
          "path": "fold1/binary_smote/binary_pipes.joblib",
          "size_bytes": 1761370,
          "suffix": ".joblib"
        },
        {
          "path": "fold1/binary_smote/pr_meta_fold1.png",
          "size_bytes": 131631,
          "suffix": ".png"
        },
        {
          "path": "fold1/binary_none/cm_meta_fold1.png",
          "size_bytes": 112718,
          "suffix": ".png"
        },
        {
          "path": "fold1/binary_none/meta_model.joblib",
          "size_bytes": 1567,
          "suffix": ".joblib"
        },
        {
          "path": "fold1/binary_none/meta_classes.csv",
          "size_bytes": 28,
          "suffix": ".csv"
        },
        {
          "path": "fold1/binary_none/meta_features.csv",
          "size_bytes": 153,
          "suffix": ".csv"
        },
        {
          "path": "fold1/binary_none/roc_meta_fold1.png",
          "size_bytes": 185091,
          "suffix": ".png"
        },
        {
          "path": "fold1/binary_none/binary_pipes.joblib",
          "size_bytes": 1539754,
          "suffix": ".joblib"
        },
        {
          "path": "fold1/binary_none/pr_meta_fold1.png",
          "size_bytes": 130286,
          "suffix": ".png"
        }
      ]
    },
    "fold2": {
      "artifact_count": 14,
      "artifacts": [
        {
          "path": "fold2/binary_smote/cm_meta_fold2.png",
          "size_bytes": 117676,
          "suffix": ".png"
        },
        {
          "path": "fold2/binary_smote/meta_model.joblib",
          "size_bytes": 1567,
          "suffix": ".joblib"
        },
        {
          "path": "fold2/binary_smote/meta_classes.csv",
          "size_bytes": 28,
          "suffix": ".csv"
        },
        {
          "path": "fold2/binary_smote/meta_features.csv",
          "size_bytes": 153,
          "suffix": ".csv"
        },
        {
          "path": "fold2/binary_smote/binary_pipes.joblib",
          "size_bytes": 1135510,
          "suffix": ".joblib"
        },
        {
          "path": "fold2/binary_smote/roc_meta_fold2.png",
          "size_bytes": 189467,
          "suffix": ".png"
        },
        {
          "path": "fold2/binary_smote/pr_meta_fold2.png",
          "size_bytes": 141256,
          "suffix": ".png"
        },
        {
          "path": "fold2/binary_none/cm_meta_fold2.png",
          "size_bytes": 116879,
          "suffix": ".png"
        },
        {
          "path": "fold2/binary_none/meta_model.joblib",
          "size_bytes": 1567,
          "suffix": ".joblib"
        },
        {
          "path": "fold2/binary_none/meta_classes.csv",
          "size_bytes": 28,
          "suffix": ".csv"
        },
        {
          "path": "fold2/binary_none/meta_features.csv",
          "size_bytes": 153,
          "suffix": ".csv"
        },
        {
          "path": "fold2/binary_none/binary_pipes.joblib",
          "size_bytes": 1427763,
          "suffix": ".joblib"
        },
        {
          "path": "fold2/binary_none/roc_meta_fold2.png",
          "size_bytes": 188667,
          "suffix": ".png"
        },
        {
          "path": "fold2/binary_none/pr_meta_fold2.png",
          "size_bytes": 140959,
          "suffix": ".png"
        }
      ]
    },
    "fold3": {
      "artifact_count": 14,
      "artifacts": [
        {
          "path": "fold3/binary_smote/cm_meta_fold3.png",
          "size_bytes": 122028,
          "suffix": ".png"
        },
        {
          "path": "fold3/binary_smote/meta_model.joblib",
          "size_bytes": 1567,
          "suffix": ".joblib"
        },
        {
          "path": "fold3/binary_smote/meta_classes.csv",
          "size_bytes": 28,
          "suffix": ".csv"
        },
        {
          "path": "fold3/binary_smote/meta_features.csv",
          "size_bytes": 153,
          "suffix": ".csv"
        },
        {
          "path": "fold3/binary_smote/binary_pipes.joblib",
          "size_bytes": 1410083,
          "suffix": ".joblib"
        },
        {
          "path": "fold3/binary_smote/roc_meta_fold3.png",
          "size_bytes": 189479,
          "suffix": ".png"
        },
        {
          "path": "fold3/binary_smote/pr_meta_fold3.png",
          "size_bytes": 138634,
          "suffix": ".png"
        },
        {
          "path": "fold3/binary_none/cm_meta_fold3.png",
          "size_bytes": 121146,
          "suffix": ".png"
        },
        {
          "path": "fold3/binary_none/meta_model.joblib",
          "size_bytes": 1567,
          "suffix": ".joblib"
        },
        {
          "path": "fold3/binary_none/meta_classes.csv",
          "size_bytes": 28,
          "suffix": ".csv"
        },
        {
          "path": "fold3/binary_none/meta_features.csv",
          "size_bytes": 153,
          "suffix": ".csv"
        },
        {
          "path": "fold3/binary_none/binary_pipes.joblib",
          "size_bytes": 1528547,
          "suffix": ".joblib"
        },
        {
          "path": "fold3/binary_none/roc_meta_fold3.png",
          "size_bytes": 188661,
          "suffix": ".png"
        },
        {
          "path": "fold3/binary_none/pr_meta_fold3.png",
          "size_bytes": 137379,
          "suffix": ".png"
        }
      ]
    }
  }
}