fold,sampler,task,model_name,rank_test_score,mean_test_score,std_test_score,C,max_depth,n_estimators,learning_rate
1,smote,setosa_vs_Rest,LogisticRegression,4,0.0,0.0,0.01,,,
1,smote,setosa_vs_Rest,LogisticRegression,3,0.9933333333333334,0.019999999999999997,0.1,,,
1,smote,setosa_vs_Rest,LogisticRegression,1,1.0,0.0,1.0,,,
1,smote,setosa_vs_Rest,LogisticRegression,1,1.0,0.0,10.0,,,
1,smote,setosa_vs_Rest,SVM,1,1.0,0.0,0.01,,,
1,smote,setosa_vs_Rest,SVM,1,1.0,0.0,0.1,,,
1,smote,setosa_vs_Rest,SVM,1,1.0,0.0,1.0,,,
1,smote,setosa_vs_Rest,SVM,1,1.0,0.0,10.0,,,
1,smote,setosa_vs_Rest,RandomForest,1,1.0,0.0,,,100.0,
1,smote,setosa_vs_Rest,RandomForest,1,1.0,0.0,,,200.0,
1,smote,setosa_vs_Rest,RandomForest,1,1.0,0.0,,10.0,100.0,
1,smote,setosa_vs_Rest,RandomForest,1,1.0,0.0,,10.0,200.0,
1,smote,setosa_vs_Rest,RandomForest,1,1.0,0.0,,20.0,100.0,
1,smote,setosa_vs_Rest,RandomForest,1,1.0,0.0,,20.0,200.0,
1,smote,setosa_vs_Rest,GradientBoosting,1,1.0,0.0,,3.0,100.0,0.01
1,smote,setosa_vs_Rest,GradientBoosting,1,1.0,0.0,,3.0,200.0,0.01
1,smote,setosa_vs_Rest,GradientBoosting,1,1.0,0.0,,5.0,100.0,0.01
1,smote,setosa_vs_Rest,GradientBoosting,1,1.0,0.0,,5.0,200.0,0.01
1,smote,setosa_vs_Rest,GradientBoosting,1,1.0,0.0,,3.0,100.0,0.1
1,smote,setosa_vs_Rest,GradientBoosting,1,1.0,0.0,,3.0,200.0,0.1
1,smote,setosa_vs_Rest,GradientBoosting,1,1.0,0.0,,5.0,100.0,0.1
1,smote,setosa_vs_Rest,GradientBoosting,1,1.0,0.0,,5.0,200.0,0.1
1,smote,versicolor_vs_Rest,LogisticRegression,4,0.046153846153846156,0.13846153846153847,0.01,,,
1,smote,versicolor_vs_Rest,LogisticRegression,1,0.588984838690721,0.14188829260046035,0.1,,,
1,smote,versicolor_vs_Rest,LogisticRegression,3,0.540903540903541,0.11704413512629085,1.0,,,
1,smote,versicolor_vs_Rest,LogisticRegression,2,0.5786971198735904,0.11381575778568456,10.0,,,
1,smote,versicolor_vs_Rest,SVM,1,0.6531483906231517,0.056128539592733485,0.01,,,
1,smote,versicolor_vs_Rest,SVM,2,0.624977238104173,0.07498602563089606,0.1,,,
1,smote,versicolor_vs_Rest,SVM,3,0.6105318443166741,0.0683301481988065,1.0,,,
1,smote,versicolor_vs_Rest,SVM,4,0.5863157894736842,0.0797867774900679,10.0,,,
1,smote,versicolor_vs_Rest,RandomForest,4,0.9007992007992008,0.08307586832891303,,,100.0,
1,smote,versicolor_vs_Rest,RandomForest,1,0.9038761238761239,0.07859487968449119,,,200.0,
1,smote,versicolor_vs_Rest,RandomForest,4,0.9007992007992008,0.08307586832891303,,10.0,100.0,
1,smote,versicolor_vs_Rest,RandomForest,1,0.9038761238761239,0.07859487968449119,,10.0,200.0,
1,smote,versicolor_vs_Rest,RandomForest,4,0.9007992007992008,0.08307586832891303,,20.0,100.0,
1,smote,versicolor_vs_Rest,RandomForest,1,0.9038761238761239,0.07859487968449119,,20.0,200.0,
1,smote,versicolor_vs_Rest,GradientBoosting,2,0.9147852147852149,0.07058216017867185,,3.0,100.0,0.01
1,smote,versicolor_vs_Rest,GradientBoosting,1,0.9154811854811855,0.06716761579279713,,3.0,200.0,0.01
1,smote,versicolor_vs_Rest,GradientBoosting,3,0.8747852147852146,0.05064245766454143,,5.0,100.0,0.01
1,smote,versicolor_vs_Rest,GradientBoosting,3,0.8747852147852146,0.05064245766454143,,5.0,200.0,0.01
1,smote,versicolor_vs_Rest,GradientBoosting,7,0.8712687312687313,0.04237119267550232,,3.0,100.0,0.1
1,smote,versicolor_vs_Rest,GradientBoosting,8,0.8546753246753246,0.032097195254678475,,3.0,200.0,0.1
1,smote,versicolor_vs_Rest,GradientBoosting,3,0.8747852147852146,0.05064245766454143,,5.0,100.0,0.1
1,smote,versicolor_vs_Rest,GradientBoosting,3,0.8747852147852146,0.05064245766454143,,5.0,200.0,0.1
1,smote,virginica_vs_Rest,LogisticRegression,4,0.45527065527065524,0.15341185931320178,0.01,,,
1,smote,virginica_vs_Rest,LogisticRegression,3,0.8478011204481792,0.06049294427900353,0.1,,,
1,smote,virginica_vs_Rest,LogisticRegression,1,0.9302838827838829,0.06213511407148335,1.0,,,
1,smote,virginica_vs_Rest,LogisticRegression,2,0.913919413919414,0.07764479155157337,10.0,,,
1,smote,virginica_vs_Rest,SVM,4,0.7069035896724685,0.06328271628231687,0.01,,,
1,smote,virginica_vs_Rest,SVM,3,0.9057717445952742,0.07445124642099829,0.1,,,
1,smote,virginica_vs_Rest,SVM,1,0.945521978021978,0.05060148967725615,1.0,,,
1,smote,virginica_vs_Rest,SVM,2,0.9302106227106227,0.053346942856866565,10.0,,,
1,smote,virginica_vs_Rest,RandomForest,1,0.8949450549450552,0.11170044836482196,,,100.0,
1,smote,virginica_vs_Rest,RandomForest,1,0.8949450549450552,0.11170044836482196,,,200.0,
1,smote,virginica_vs_Rest,RandomForest,1,0.8949450549450552,0.11170044836482196,,10.0,100.0,
1,smote,virginica_vs_Rest,RandomForest,1,0.8949450549450552,0.11170044836482196,,10.0,200.0,
1,smote,virginica_vs_Rest,RandomForest,1,0.8949450549450552,0.11170044836482196,,20.0,100.0,
1,smote,virginica_vs_Rest,RandomForest,1,0.8949450549450552,0.11170044836482196,,20.0,200.0,
1,smote,virginica_vs_Rest,GradientBoosting,2,0.8822619047619048,0.10057438498991568,,3.0,100.0,0.01
1,smote,virginica_vs_Rest,GradientBoosting,1,0.8888553113553115,0.10087231444886414,,3.0,200.0,0.01
1,smote,virginica_vs_Rest,GradientBoosting,3,0.8804761904761904,0.10084563089118571,,5.0,100.0,0.01
1,smote,virginica_vs_Rest,GradientBoosting,3,0.8804761904761904,0.10084563089118571,,5.0,200.0,0.01
1,smote,virginica_vs_Rest,GradientBoosting,7,0.8795604395604396,0.10095184931039138,,3.0,100.0,0.1
1,smote,virginica_vs_Rest,GradientBoosting,7,0.8795604395604396,0.10095184931039138,,3.0,200.0,0.1
1,smote,virginica_vs_Rest,GradientBoosting,3,0.8804761904761904,0.10084563089118571,,5.0,100.0,0.1
1,smote,virginica_vs_Rest,GradientBoosting,3,0.8804761904761904,0.10084563089118571,,5.0,200.0,0.1
1,smote,setosa_vs_versicolor,LogisticRegression,4,0.13333333333333333,0.26666666666666666,0.01,,,
1,smote,setosa_vs_versicolor,LogisticRegression,1,1.0,0.0,0.1,,,
1,smote,setosa_vs_versicolor,LogisticRegression,1,1.0,0.0,1.0,,,
1,smote,setosa_vs_versicolor,LogisticRegression,1,1.0,0.0,10.0,,,
1,smote,setosa_vs_versicolor,SVM,1,1.0,0.0,0.01,,,
1,smote,setosa_vs_versicolor,SVM,1,1.0,0.0,0.1,,,
1,smote,setosa_vs_versicolor,SVM,1,1.0,0.0,1.0,,,
1,smote,setosa_vs_versicolor,SVM,1,1.0,0.0,10.0,,,
1,smote,setosa_vs_versicolor,RandomForest,1,1.0,0.0,,,100.0,
1,smote,setosa_vs_versicolor,RandomForest,1,1.0,0.0,,,200.0,
1,smote,setosa_vs_versicolor,RandomForest,1,1.0,0.0,,10.0,100.0,
1,smote,setosa_vs_versicolor,RandomForest,1,1.0,0.0,,10.0,200.0,
1,smote,setosa_vs_versicolor,RandomForest,1,1.0,0.0,,20.0,100.0,
1,smote,setosa_vs_versicolor,RandomForest,1,1.0,0.0,,20.0,200.0,
1,smote,setosa_vs_versicolor,GradientBoosting,1,1.0,0.0,,3.0,100.0,0.01
1,smote,setosa_vs_versicolor,GradientBoosting,1,1.0,0.0,,3.0,200.0,0.01
1,smote,setosa_vs_versicolor,GradientBoosting,1,1.0,0.0,,5.0,100.0,0.01
1,smote,setosa_vs_versicolor,GradientBoosting,1,1.0,0.0,,5.0,200.0,0.01
1,smote,setosa_vs_versicolor,GradientBoosting,1,1.0,0.0,,3.0,100.0,0.1
1,smote,setosa_vs_versicolor,GradientBoosting,1,1.0,0.0,,3.0,200.0,0.1
1,smote,setosa_vs_versicolor,GradientBoosting,1,1.0,0.0,,5.0,100.0,0.1
1,smote,setosa_vs_versicolor,GradientBoosting,1,1.0,0.0,,5.0,200.0,0.1
1,smote,setosa_vs_virginica,LogisticRegression,4,0.13999999999999999,0.27999999999999997,0.01,,,
1,smote,setosa_vs_virginica,LogisticRegression,1,1.0,0.0,0.1,,,
1,smote,setosa_vs_virginica,LogisticRegression,1,1.0,0.0,1.0,,,
1,smote,setosa_vs_virginica,LogisticRegression,1,1.0,0.0,10.0,,,
1,smote,setosa_vs_virginica,SVM,1,1.0,0.0,0.01,,,
1,smote,setosa_vs_virginica,SVM,1,1.0,0.0,0.1,,,
1,smote,setosa_vs_virginica,SVM,1,1.0,0.0,1.0,,,
1,smote,setosa_vs_virginica,SVM,1,1.0,0.0,10.0,,,
1,smote,setosa_vs_virginica,RandomForest,1,1.0,0.0,,,100.0,
1,smote,setosa_vs_virginica,RandomForest,1,1.0,0.0,,,200.0,
1,smote,setosa_vs_virginica,RandomForest,1,1.0,0.0,,10.0,100.0,
1,smote,setosa_vs_virginica,RandomForest,1,1.0,0.0,,10.0,200.0,
1,smote,setosa_vs_virginica,RandomForest,1,1.0,0.0,,20.0,100.0,
1,smote,setosa_vs_virginica,RandomForest,1,1.0,0.0,,20.0,200.0,
1,smote,setosa_vs_virginica,GradientBoosting,1,1.0,0.0,,3.0,100.0,0.01
1,smote,setosa_vs_virginica,GradientBoosting,1,1.0,0.0,,3.0,200.0,0.01
1,smote,setosa_vs_virginica,GradientBoosting,1,1.0,0.0,,5.0,100.0,0.01
1,smote,setosa_vs_virginica,GradientBoosting,1,1.0,0.0,,5.0,200.0,0.01
1,smote,setosa_vs_virginica,GradientBoosting,1,1.0,0.0,,3.0,100.0,0.1
1,smote,setosa_vs_virginica,GradientBoosting,1,1.0,0.0,,3.0,200.0,0.1
1,smote,setosa_vs_virginica,GradientBoosting,1,1.0,0.0,,5.0,100.0,0.1
1,smote,setosa_vs_virginica,GradientBoosting,1,1.0,0.0,,5.0,200.0,0.1
1,smote,versicolor_vs_virginica,LogisticRegression,4,0.20315789473684207,0.3108312508130327,0.01,,,
1,smote,versicolor_vs_virginica,LogisticRegression,1,0.9090137803373096,0.08168559068939615,0.1,,,
1,smote,versicolor_vs_virginica,LogisticRegression,2,0.899403651903652,0.08139874011882164,1.0,,,
1,smote,versicolor_vs_virginica,LogisticRegression,2,0.899403651903652,0.08139874011882164,10.0,,,
1,smote,versicolor_vs_virginica,SVM,2,0.9170551670551671,0.09844990023721974,0.01,,,
1,smote,versicolor_vs_virginica,SVM,1,0.9341258741258741,0.07684535170480157,0.1,,,
1,smote,versicolor_vs_virginica,SVM,3,0.9149592074592077,0.07084925254929059,1.0,,,
1,smote,versicolor_vs_virginica,SVM,4,0.8913708513708514,0.09334960918465998,10.0,,,
1,smote,versicolor_vs_virginica,RandomForest,1,0.8787975912975912,0.11226969274040131,,,100.0,
1,smote,versicolor_vs_virginica,RandomForest,1,0.8787975912975912,0.11226969274040131,,,200.0,
1,smote,versicolor_vs_virginica,RandomForest,1,0.8787975912975912,0.11226969274040131,,10.0,100.0,
1,smote,versicolor_vs_virginica,RandomForest,1,0.8787975912975912,0.11226969274040131,,10.0,200.0,
1,smote,versicolor_vs_virginica,RandomForest,1,0.8787975912975912,0.11226969274040131,,20.0,100.0,
1,smote,versicolor_vs_virginica,RandomForest,1,0.8787975912975912,0.11226969274040131,,20.0,200.0,
1,smote,versicolor_vs_virginica,GradientBoosting,2,0.8575979575979575,0.11496559073588448,,3.0,100.0,0.01
1,smote,versicolor_vs_virginica,GradientBoosting,1,0.8652170052170052,0.11718618164598163,,3.0,200.0,0.01
1,smote,versicolor_vs_virginica,GradientBoosting,2,0.8575979575979575,0.11496559073588448,,5.0,100.0,0.01
1,smote,versicolor_vs_virginica,GradientBoosting,2,0.8575979575979575,0.11496559073588448,,5.0,200.0,0.01
1,smote,versicolor_vs_virginica,GradientBoosting,7,0.8499056499056499,0.10751200295599557,,3.0,100.0,0.1
1,smote,versicolor_vs_virginica,GradientBoosting,8,0.8409312909312909,0.10473944961911982,,3.0,200.0,0.1
1,smote,versicolor_vs_virginica,GradientBoosting,2,0.8575979575979575,0.11496559073588448,,5.0,100.0,0.1
1,smote,versicolor_vs_virginica,GradientBoosting,2,0.8575979575979575,0.11496559073588448,,5.0,200.0,0.1
1,none,setosa_vs_Rest,LogisticRegression,4,0.0,0.0,0.01,,,
1,none,setosa_vs_Rest,LogisticRegression,3,0.9933333333333334,0.019999999999999997,0.1,,,
1,none,setosa_vs_Rest,LogisticRegression,1,1.0,0.0,1.0,,,
1,none,setosa_vs_Rest,LogisticRegression,1,1.0,0.0,10.0,,,
1,none,setosa_vs_Rest,SVM,1,1.0,0.0,0.01,,,
1,none,setosa_vs_Rest,SVM,1,1.0,0.0,0.1,,,
1,none,setosa_vs_Rest,SVM,1,1.0,0.0,1.0,,,
1,none,setosa_vs_Rest,SVM,1,1.0,0.0,10.0,,,
1,none,setosa_vs_Rest,RandomForest,1,1.0,0.0,,,100.0,
1,none,setosa_vs_Rest,RandomForest,1,1.0,0.0,,,200.0,
1,none,setosa_vs_Rest,RandomForest,1,1.0,0.0,,10.0,100.0,
1,none,setosa_vs_Rest,RandomForest,1,1.0,0.0,,10.0,200.0,
1,none,setosa_vs_Rest,RandomForest,1,1.0,0.0,,20.0,100.0,
1,none,setosa_vs_Rest,RandomForest,1,1.0,0.0,,20.0,200.0,
1,none,setosa_vs_Rest,GradientBoosting,1,1.0,0.0,,3.0,100.0,0.01
1,none,setosa_vs_Rest,GradientBoosting,1,1.0,0.0,,3.0,200.0,0.01
1,none,setosa_vs_Rest,GradientBoosting,1,1.0,0.0,,5.0,100.0,0.01
1,none,setosa_vs_Rest,GradientBoosting,1,1.0,0.0,,5.0,200.0,0.01
1,none,setosa_vs_Rest,GradientBoosting,1,1.0,0.0,,3.0,100.0,0.1
1,none,setosa_vs_Rest,GradientBoosting,1,1.0,0.0,,3.0,200.0,0.1
1,none,setosa_vs_Rest,GradientBoosting,1,1.0,0.0,,5.0,100.0,0.1
1,none,setosa_vs_Rest,GradientBoosting,1,1.0,0.0,,5.0,200.0,0.1
1,none,versicolor_vs_Rest,LogisticRegression,4,0.3515669515669516,0.23116002224670756,0.01,,,
1,none,versicolor_vs_Rest,LogisticRegression,2,0.5789008050772757,0.14629269688102686,0.1,,,
1,none,versicolor_vs_Rest,LogisticRegression,3,0.52703118089341,0.12428832076290902,1.0,,,
1,none,versicolor_vs_Rest,LogisticRegression,1,0.5790754412426239,0.0908331859113073,10.0,,,
1,none,versicolor_vs_Rest,SVM,1,0.6562660662351065,0.057017407544417996,0.01,,,
1,none,versicolor_vs_Rest,SVM,2,0.6195971211451087,0.0699914193562321,0.1,,,
1,none,versicolor_vs_Rest,SVM,3,0.6008205004489835,0.08868570957386236,1.0,,,
1,none,versicolor_vs_Rest,SVM,4,0.5797681704260652,0.09854100063444478,10.0,,,
1,none,versicolor_vs_Rest,RandomForest,1,0.8938028638028639,0.07394457630417096,,,100.0,
1,none,versicolor_vs_Rest,RandomForest,1,0.8938028638028639,0.07394457630417096,,,200.0,
1,none,versicolor_vs_Rest,RandomForest,1,0.8938028638028639,0.07394457630417096,,10.0,100.0,
1,none,versicolor_vs_Rest,RandomForest,1,0.8938028638028639,0.07394457630417096,,10.0,200.0,
1,none,versicolor_vs_Rest,RandomForest,1,0.8938028638028639,0.07394457630417096,,20.0,100.0,
1,none,versicolor_vs_Rest,RandomForest,1,0.8938028638028639,0.07394457630417096,,20.0,200.0,
1,none,versicolor_vs_Rest,GradientBoosting,1,0.9090709290709291,0.07703563258736207,,3.0,100.0,0.01
1,none,versicolor_vs_Rest,GradientBoosting,2,0.8938028638028639,0.07394457630417096,,3.0,200.0,0.01
1,none,versicolor_vs_Rest,GradientBoosting,5,0.8770196470196472,0.08117834069143999,,5.0,100.0,0.01
1,none,versicolor_vs_Rest,GradientBoosting,5,0.8770196470196472,0.08117834069143999,,5.0,200.0,0.01
1,none,versicolor_vs_Rest,GradientBoosting,3,0.8895904095904097,0.07257749889473337,,3.0,100.0,0.1
1,none,versicolor_vs_Rest,GradientBoosting,8,0.857056277056277,0.03129891086252461,,3.0,200.0,0.1
1,none,versicolor_vs_Rest,GradientBoosting,5,0.8770196470196472,0.08117834069143999,,5.0,100.0,0.1
1,none,versicolor_vs_Rest,GradientBoosting,4,0.8784182484182486,0.08183665190023715,,5.0,200.0,0.1
1,none,virginica_vs_Rest,LogisticRegression,4,0.2535612535612536,0.25407291760246775,0.01,,,
1,none,virginica_vs_Rest,LogisticRegression,3,0.8386507936507936,0.0666220561248892,0.1,,,
1,none,virginica_vs_Rest,LogisticRegression,1,0.9159249084249084,0.08228172002847679,1.0,,,
1,none,virginica_vs_Rest,LogisticRegression,2,0.913919413919414,0.07764479155157337,10.0,,,
1,none,virginica_vs_Rest,SVM,4,0.7155723203226232,0.07211159445799896,0.01,,,
1,none,virginica_vs_Rest,SVM,3,0.8719561157796452,0.07877661166759488,0.1,,,
1,none,virginica_vs_Rest,SVM,1,0.945521978021978,0.05060148967725615,1.0,,,
1,none,virginica_vs_Rest,SVM,2,0.9302106227106227,0.053346942856866565,10.0,,,
1,none,virginica_vs_Rest,RandomForest,1,0.8511888111888112,0.1126193664327282,,,100.0,
1,none,virginica_vs_Rest,RandomForest,1,0.8511888111888112,0.1126193664327282,,,200.0,
1,none,virginica_vs_Rest,RandomForest,1,0.8511888111888112,0.1126193664327282,,10.0,100.0,
1,none,virginica_vs_Rest,RandomForest,1,0.8511888111888112,0.1126193664327282,,10.0,200.0,
1,none,virginica_vs_Rest,RandomForest,1,0.8511888111888112,0.1126193664327282,,20.0,100.0,
1,none,virginica_vs_Rest,RandomForest,1,0.8511888111888112,0.1126193664327282,,20.0,200.0,
1,none,virginica_vs_Rest,GradientBoosting,4,0.876996336996337,0.0959450794881413,,3.0,100.0,0.01
1,none,virginica_vs_Rest,GradientBoosting,1,0.885970695970696,0.09563793918446058,,3.0,200.0,0.01
1,none,virginica_vs_Rest,GradientBoosting,4,0.876996336996337,0.0959450794881413,,5.0,100.0,0.01
1,none,virginica_vs_Rest,GradientBoosting,4,0.876996336996337,0.0959450794881413,,5.0,200.0,0.01
1,none,virginica_vs_Rest,GradientBoosting,8,0.8707692307692309,0.10621204895179173,,3.0,100.0,0.1
1,none,virginica_vs_Rest,GradientBoosting,3,0.8795604395604396,0.10095184931039138,,3.0,200.0,0.1
1,none,virginica_vs_Rest,GradientBoosting,4,0.876996336996337,0.0959450794881413,,5.0,100.0,0.1
1,none,virginica_vs_Rest,GradientBoosting,1,0.885970695970696,0.09563793918446058,,5.0,200.0,0.1
1,none,setosa_vs_versicolor,LogisticRegression,4,0.6659649122807018,0.03060083664619669,0.01,,,
1,none,setosa_vs_versicolor,LogisticRegression,1,1.0,0.0,0.1,,,
1,none,setosa_vs_versicolor,LogisticRegression,1,1.0,0.0,1.0,,,
1,none,setosa_vs_versicolor,LogisticRegression,1,1.0,0.0,10.0,,,
1,none,setosa_vs_versicolor,SVM,1,1.0,0.0,0.01,,,
1,none,setosa_vs_versicolor,SVM,1,1.0,0.0,0.1,,,
1,none,setosa_vs_versicolor,SVM,1,1.0,0.0,1.0,,,
1,none,setosa_vs_versicolor,SVM,1,1.0,0.0,10.0,,,
1,none,setosa_vs_versicolor,RandomForest,1,1.0,0.0,,,100.0,
1,none,setosa_vs_versicolor,RandomForest,1,1.0,0.0,,,200.0,
1,none,setosa_vs_versicolor,RandomForest,1,1.0,0.0,,10.0,100.0,
1,none,setosa_vs_versicolor,RandomForest,1,1.0,0.0,,10.0,200.0,
1,none,setosa_vs_versicolor,RandomForest,1,1.0,0.0,,20.0,100.0,
1,none,setosa_vs_versicolor,RandomForest,1,1.0,0.0,,20.0,200.0,
1,none,setosa_vs_versicolor,GradientBoosting,1,1.0,0.0,,3.0,100.0,0.01
1,none,setosa_vs_versicolor,GradientBoosting,1,1.0,0.0,,3.0,200.0,0.01
1,none,setosa_vs_versicolor,GradientBoosting,1,1.0,0.0,,5.0,100.0,0.01
1,none,setosa_vs_versicolor,GradientBoosting,1,1.0,0.0,,5.0,200.0,0.01
1,none,setosa_vs_versicolor,GradientBoosting,1,1.0,0.0,,3.0,100.0,0.1
1,none,setosa_vs_versicolor,GradientBoosting,1,1.0,0.0,,3.0,200.0,0.1
1,none,setosa_vs_versicolor,GradientBoosting,1,1.0,0.0,,5.0,100.0,0.1
1,none,setosa_vs_versicolor,GradientBoosting,1,1.0,0.0,,5.0,200.0,0.1
1,none,setosa_vs_virginica,LogisticRegression,4,0.26666666666666666,0.3265986323710904,0.01,,,
1,none,setosa_vs_virginica,LogisticRegression,1,1.0,0.0,0.1,,,
1,none,setosa_vs_virginica,LogisticRegression,1,1.0,0.0,1.0,,,
1,none,setosa_vs_virginica,LogisticRegression,1,1.0,0.0,10.0,,,
1,none,setosa_vs_virginica,SVM,1,1.0,0.0,0.01,,,
1,none,setosa_vs_virginica,SVM,1,1.0,0.0,0.1,,,
1,none,setosa_vs_virginica,SVM,1,1.0,0.0,1.0,,,
1,none,setosa_vs_virginica,SVM,1,1.0,0.0,10.0,,,
1,none,setosa_vs_virginica,RandomForest,1,1.0,0.0,,,100.0,
1,none,setosa_vs_virginica,RandomForest,1,1.0,0.0,,,200.0,
1,none,setosa_vs_virginica,RandomForest,1,1.0,0.0,,10.0,100.0,
1,none,setosa_vs_virginica,RandomForest,1,1.0,0.0,,10.0,200.0,
1,none,setosa_vs_virginica,RandomForest,1,1.0,0.0,,20.0,100.0,
1,none,setosa_vs_virginica,RandomForest,1,1.0,0.0,,20.0,200.0,
1,none,setosa_vs_virginica,GradientBoosting,1,1.0,0.0,,3.0,100.0,0.01
1,none,setosa_vs_virginica,GradientBoosting,1,1.0,0.0,,3.0,200.0,0.01
1,none,setosa_vs_virginica,GradientBoosting,1,1.0,0.0,,5.0,100.0,0.01
1,none,setosa_vs_virginica,GradientBoosting,1,1.0,0.0,,5.0,200.0,0.01
1,none,setosa_vs_virginica,GradientBoosting,1,1.0,0.0,,3.0,100.0,0.1
1,none,setosa_vs_virginica,GradientBoosting,1,1.0,0.0,,3.0,200.0,0.1
1,none,setosa_vs_virginica,GradientBoosting,1,1.0,0.0,,5.0,100.0,0.1
1,none,setosa_vs_virginica,GradientBoosting,1,1.0,0.0,,5.0,200.0,0.1
1,none,versicolor_vs_virginica,LogisticRegression,4,0.32982456140350874,0.3299738370669122,0.01,,,
1,none,versicolor_vs_virginica,LogisticRegression,1,0.9090137803373096,0.08168559068939615,0.1,,,
1,none,versicolor_vs_virginica,LogisticRegression,2,0.899403651903652,0.08139874011882164,1.0,,,
1,none,versicolor_vs_virginica,LogisticRegression,2,0.899403651903652,0.08139874011882164,10.0,,,
1,none,versicolor_vs_virginica,SVM,2,0.9170551670551671,0.09844990023721974,0.01,,,
1,none,versicolor_vs_virginica,SVM,1,0.9341258741258741,0.07684535170480157,0.1,,,
1,none,versicolor_vs_virginica,SVM,3,0.9149592074592077,0.07084925254929059,1.0,,,
1,none,versicolor_vs_virginica,SVM,4,0.8913708513708514,0.09334960918465998,10.0,,,
1,none,versicolor_vs_virginica,RandomForest,1,0.8787975912975912,0.11226969274040131,,,100.0,
1,none,versicolor_vs_virginica,RandomForest,1,0.8787975912975912,0.11226969274040131,,,200.0,
1,none,versicolor_vs_virginica,RandomForest,1,0.8787975912975912,0.11226969274040131,,10.0,100.0,
1,none,versicolor_vs_virginica,RandomForest,1,0.8787975912975912,0.11226969274040131,,10.0,200.0,
1,none,versicolor_vs_virginica,RandomForest,1,0.8787975912975912,0.11226969274040131,,20.0,100.0,
1,none,versicolor_vs_virginica,RandomForest,1,0.8787975912975912,0.11226969274040131,,20.0,200.0,
1,none,versicolor_vs_virginica,GradientBoosting,2,0.8575979575979575,0.11496559073588448,,3.0,100.0,0.01
1,none,versicolor_vs_virginica,GradientBoosting,1,0.8652170052170052,0.11718618164598163,,3.0,200.0,0.01
1,none,versicolor_vs_virginica,GradientBoosting,2,0.8575979575979575,0.11496559073588448,,5.0,100.0,0.01
1,none,versicolor_vs_virginica,GradientBoosting,2,0.8575979575979575,0.11496559073588448,,5.0,200.0,0.01
1,none,versicolor_vs_virginica,GradientBoosting,7,0.8499056499056499,0.10751200295599557,,3.0,100.0,0.1
1,none,versicolor_vs_virginica,GradientBoosting,8,0.8409312909312909,0.10473944961911982,,3.0,200.0,0.1
1,none,versicolor_vs_virginica,GradientBoosting,2,0.8575979575979575,0.11496559073588448,,5.0,100.0,0.1
1,none,versicolor_vs_virginica,GradientBoosting,2,0.8575979575979575,0.11496559073588448,,5.0,200.0,0.1
2,smote,setosa_vs_Rest,LogisticRegression,4,0.0,0.0,0.01,,,
2,smote,setosa_vs_Rest,LogisticRegression,1,1.0,0.0,0.1,,,
2,smote,setosa_vs_Rest,LogisticRegression,1,1.0,0.0,1.0,,,
2,smote,setosa_vs_Rest,LogisticRegression,1,1.0,0.0,10.0,,,
2,smote,setosa_vs_Rest,SVM,1,1.0,0.0,0.01,,,
2,smote,setosa_vs_Rest,SVM,1,1.0,0.0,0.1,,,
2,smote,setosa_vs_Rest,SVM,1,1.0,0.0,1.0,,,
2,smote,setosa_vs_Rest,SVM,1,1.0,0.0,10.0,,,
2,smote,setosa_vs_Rest,RandomForest,1,1.0,0.0,,,100.0,
2,smote,setosa_vs_Rest,RandomForest,1,1.0,0.0,,,200.0,
2,smote,setosa_vs_Rest,RandomForest,1,1.0,0.0,,10.0,100.0,
2,smote,setosa_vs_Rest,RandomForest,1,1.0,0.0,,10.0,200.0,
2,smote,setosa_vs_Rest,RandomForest,1,1.0,0.0,,20.0,100.0,
2,smote,setosa_vs_Rest,RandomForest,1,1.0,0.0,,20.0,200.0,
2,smote,setosa_vs_Rest,GradientBoosting,1,1.0,0.0,,3.0,100.0,0.01
2,smote,setosa_vs_Rest,GradientBoosting,1,1.0,0.0,,3.0,200.0,0.01
2,smote,setosa_vs_Rest,GradientBoosting,1,1.0,0.0,,5.0,100.0,0.01
2,smote,setosa_vs_Rest,GradientBoosting,1,1.0,0.0,,5.0,200.0,0.01
2,smote,setosa_vs_Rest,GradientBoosting,1,1.0,0.0,,3.0,100.0,0.1
2,smote,setosa_vs_Rest,GradientBoosting,1,1.0,0.0,,3.0,200.0,0.1
2,smote,setosa_vs_Rest,GradientBoosting,1,1.0,0.0,,5.0,100.0,0.1
2,smote,setosa_vs_Rest,GradientBoosting,1,1.0,0.0,,5.0,200.0,0.1
2,smote,versicolor_vs_Rest,LogisticRegression,4,0.2535612535612536,0.25407291760246775,0.01,,,
2,smote,versicolor_vs_Rest,LogisticRegression,3,0.6424156235920941,0.13655506474404877,0.1,,,
2,smote,versicolor_vs_Rest,LogisticRegression,2,0.7038615701463998,0.12254678820539863,1.0,,,
2,smote,versicolor_vs_Rest,LogisticRegression,1,0.7115529800436922,0.09241302004427451,10.0,,,
2,smote,versicolor_vs_Rest,SVM,4,0.6791292518671709,0.03901783873253216,0.01,,,
2,smote,versicolor_vs_Rest,SVM,3,0.7201274241754118,0.11816350077511585,0.1,,,
2,smote,versicolor_vs_Rest,SVM,2,0.7512341021551548,0.10709981994953088,1.0,,,
2,smote,versicolor_vs_Rest,SVM,1,0.7564749002287703,0.0863986597136545,10.0,,,
2,smote,versicolor_vs_Rest,RandomForest,1,0.9556410256410256,0.05229826461042781,,,100.0,
2,smote,versicolor_vs_Rest,RandomForest,1,0.9556410256410256,0.05229826461042781,,,200.0,
2,smote,versicolor_vs_Rest,RandomForest,1,0.9556410256410256,0.05229826461042781,,10.0,100.0,
2,smote,versicolor_vs_Rest,RandomForest,1,0.9556410256410256,0.05229826461042781,,10.0,200.0,
2,smote,versicolor_vs_Rest,RandomForest,1,0.9556410256410256,0.05229826461042781,,20.0,100.0,
2,smote,versicolor_vs_Rest,RandomForest,1,0.9556410256410256,0.05229826461042781,,20.0,200.0,
2,smote,versicolor_vs_Rest,GradientBoosting,3,0.9288120213120215,0.053697816432263824,,3.0,100.0,0.01
2,smote,versicolor_vs_Rest,GradientBoosting,8,0.9277131202131201,0.043225067218947276,,3.0,200.0,0.01
2,smote,versicolor_vs_Rest,GradientBoosting,3,0.9288120213120215,0.053697816432263824,,5.0,100.0,0.01
2,smote,versicolor_vs_Rest,GradientBoosting,3,0.9288120213120215,0.053697816432263824,,5.0,200.0,0.01
2,smote,versicolor_vs_Rest,GradientBoosting,1,0.9430244755244755,0.04073697555939446,,3.0,100.0,0.1
2,smote,versicolor_vs_Rest,GradientBoosting,1,0.9430244755244755,0.04073697555939446,,3.0,200.0,0.1
2,smote,versicolor_vs_Rest,GradientBoosting,3,0.9288120213120215,0.053697816432263824,,5.0,100.0,0.1
2,smote,versicolor_vs_Rest,GradientBoosting,3,0.9288120213120215,0.053697816432263824,,5.0,200.0,0.1
2,smote,virginica_vs_Rest,LogisticRegression,4,0.49572649572649563,0.027914413023170093,0.01,,,
2,smote,virginica_vs_Rest,LogisticRegression,3,0.9039646627881922,0.05646211099994742,0.1,,,
2,smote,virginica_vs_Rest,LogisticRegression,2,0.9534731934731935,0.038379824194213506,1.0,,,
2,smote,virginica_vs_Rest,LogisticRegression,1,0.9779487179487181,0.03378782853339307,10.0,,,
2,smote,virginica_vs_Rest,SVM,4,0.7107880664227413,0.06850791432847861,0.01,,,
2,smote,virginica_vs_Rest,SVM,2,0.9798076923076924,0.04179098810019371,0.1,,,
2,smote,virginica_vs_Rest,SVM,1,0.9875,0.0375,1.0,,,
2,smote,virginica_vs_Rest,SVM,3,0.9702564102564104,0.03653643719088588,10.0,,,
2,smote,virginica_vs_Rest,RandomForest,1,0.9553321678321678,0.0465712248004301,,,100.0,
2,smote,virginica_vs_Rest,RandomForest,1,0.9553321678321678,0.0465712248004301,,,200.0,
2,smote,virginica_vs_Rest,RandomForest,1,0.9553321678321678,0.0465712248004301,,10.0,100.0,
2,smote,virginica_vs_Rest,RandomForest,1,0.9553321678321678,0.0465712248004301,,10.0,200.0,
2,smote,virginica_vs_Rest,RandomForest,1,0.9553321678321678,0.0465712248004301,,20.0,100.0,
2,smote,virginica_vs_Rest,RandomForest,1,0.9553321678321678,0.0465712248004301,,20.0,200.0,
2,smote,virginica_vs_Rest,GradientBoosting,1,0.9177888777888779,0.05616611653604457,,3.0,100.0,0.01
2,smote,virginica_vs_Rest,GradientBoosting,1,0.9177888777888779,0.05616611653604457,,3.0,200.0,0.01
2,smote,virginica_vs_Rest,GradientBoosting,1,0.9177888777888779,0.05616611653604457,,5.0,100.0,0.01
2,smote,virginica_vs_Rest,GradientBoosting,1,0.9177888777888779,0.05616611653604457,,5.0,200.0,0.01
2,smote,virginica_vs_Rest,GradientBoosting,1,0.9177888777888779,0.05616611653604457,,3.0,100.0,0.1
2,smote,virginica_vs_Rest,GradientBoosting,1,0.9177888777888779,0.05616611653604457,,3.0,200.0,0.1
2,smote,virginica_vs_Rest,GradientBoosting,1,0.9177888777888779,0.05616611653604457,,5.0,100.0,0.1
2,smote,virginica_vs_Rest,GradientBoosting,1,0.9177888777888779,0.05616611653604457,,5.0,200.0,0.1
2,smote,setosa_vs_versicolor,LogisticRegression,4,0.13999999999999999,0.27999999999999997,0.01,,,
2,smote,setosa_vs_versicolor,LogisticRegression,1,1.0,0.0,0.1,,,
2,smote,setosa_vs_versicolor,LogisticRegression,1,1.0,0.0,1.0,,,
2,smote,setosa_vs_versicolor,LogisticRegression,1,1.0,0.0,10.0,,,
2,smote,setosa_vs_versicolor,SVM,1,1.0,0.0,0.01,,,
2,smote,setosa_vs_versicolor,SVM,1,1.0,0.0,0.1,,,
2,smote,setosa_vs_versicolor,SVM,1,1.0,0.0,1.0,,,
2,smote,setosa_vs_versicolor,SVM,1,1.0,0.0,10.0,,,
2,smote,setosa_vs_versicolor,RandomForest,1,1.0,0.0,,,100.0,
2,smote,setosa_vs_versicolor,RandomForest,1,1.0,0.0,,,200.0,
2,smote,setosa_vs_versicolor,RandomForest,1,1.0,0.0,,10.0,100.0,
2,smote,setosa_vs_versicolor,RandomForest,1,1.0,0.0,,10.0,200.0,
2,smote,setosa_vs_versicolor,RandomForest,1,1.0,0.0,,20.0,100.0,
2,smote,setosa_vs_versicolor,RandomForest,1,1.0,0.0,,20.0,200.0,
2,smote,setosa_vs_versicolor,GradientBoosting,1,1.0,0.0,,3.0,100.0,0.01
2,smote,setosa_vs_versicolor,GradientBoosting,1,1.0,0.0,,3.0,200.0,0.01
2,smote,setosa_vs_versicolor,GradientBoosting,1,1.0,0.0,,5.0,100.0,0.01
2,smote,setosa_vs_versicolor,GradientBoosting,1,1.0,0.0,,5.0,200.0,0.01
2,smote,setosa_vs_versicolor,GradientBoosting,1,1.0,0.0,,3.0,100.0,0.1
2,smote,setosa_vs_versicolor,GradientBoosting,1,1.0,0.0,,3.0,200.0,0.1
2,smote,setosa_vs_versicolor,GradientBoosting,1,1.0,0.0,,5.0,100.0,0.1
2,smote,setosa_vs_versicolor,GradientBoosting,1,1.0,0.0,,5.0,200.0,0.1
2,smote,setosa_vs_virginica,LogisticRegression,4,0.13333333333333333,0.26666666666666666,0.01,,,
2,smote,setosa_vs_virginica,LogisticRegression,1,1.0,0.0,0.1,,,
2,smote,setosa_vs_virginica,LogisticRegression,1,1.0,0.0,1.0,,,
2,smote,setosa_vs_virginica,LogisticRegression,1,1.0,0.0,10.0,,,
2,smote,setosa_vs_virginica,SVM,1,1.0,0.0,0.01,,,
2,smote,setosa_vs_virginica,SVM,1,1.0,0.0,0.1,,,
2,smote,setosa_vs_virginica,SVM,1,1.0,0.0,1.0,,,
2,smote,setosa_vs_virginica,SVM,1,1.0,0.0,10.0,,,
2,smote,setosa_vs_virginica,RandomForest,1,1.0,0.0,,,100.0,
2,smote,setosa_vs_virginica,RandomForest,1,1.0,0.0,,,200.0,
2,smote,setosa_vs_virginica,RandomForest,1,1.0,0.0,,10.0,100.0,
2,smote,setosa_vs_virginica,RandomForest,1,1.0,0.0,,10.0,200.0,
2,smote,setosa_vs_virginica,RandomForest,1,1.0,0.0,,20.0,100.0,
2,smote,setosa_vs_virginica,RandomForest,1,1.0,0.0,,20.0,200.0,
2,smote,setosa_vs_virginica,GradientBoosting,1,1.0,0.0,,3.0,100.0,0.01
2,smote,setosa_vs_virginica,GradientBoosting,1,1.0,0.0,,3.0,200.0,0.01
2,smote,setosa_vs_virginica,GradientBoosting,1,1.0,0.0,,5.0,100.0,0.01
2,smote,setosa_vs_virginica,GradientBoosting,1,1.0,0.0,,5.0,200.0,0.01
2,smote,setosa_vs_virginica,GradientBoosting,1,1.0,0.0,,3.0,100.0,0.1
2,smote,setosa_vs_virginica,GradientBoosting,1,1.0,0.0,,3.0,200.0,0.1
2,smote,setosa_vs_virginica,GradientBoosting,1,1.0,0.0,,5.0,100.0,0.1
2,smote,setosa_vs_virginica,GradientBoosting,1,1.0,0.0,,5.0,200.0,0.1
2,smote,versicolor_vs_virginica,LogisticRegression,4,0.06999999999999999,0.21000000000000002,0.01,,,
2,smote,versicolor_vs_virginica,LogisticRegression,2,0.9573834498834499,0.04531424502709449,0.1,,,
2,smote,versicolor_vs_virginica,LogisticRegression,2,0.9573834498834499,0.04531424502709449,1.0,,,
2,smote,versicolor_vs_virginica,LogisticRegression,1,0.9632167832167833,0.03739639760371724,10.0,,,
2,smote,versicolor_vs_virginica,SVM,4,0.9218065268065267,0.033060245388497306,0.01,,,
2,smote,versicolor_vs_virginica,SVM,2,0.9832167832167832,0.033711806414528526,0.1,,,
2,smote,versicolor_vs_virginica,SVM,1,0.9856410256410257,0.02880937826705258,1.0,,,
2,smote,versicolor_vs_virginica,SVM,3,0.9565501165501165,0.03616694158057076,10.0,,,
2,smote,versicolor_vs_virginica,RandomForest,1,0.9640501165501165,0.04618130121279972,,,100.0,
2,smote,versicolor_vs_virginica,RandomForest,1,0.9640501165501165,0.04618130121279972,,,200.0,
2,smote,versicolor_vs_virginica,RandomForest,1,0.9640501165501165,0.04618130121279972,,10.0,100.0,
2,smote,versicolor_vs_virginica,RandomForest,1,0.9640501165501165,0.04618130121279972,,10.0,200.0,
2,smote,versicolor_vs_virginica,RandomForest,1,0.9640501165501165,0.04618130121279972,,20.0,100.0,
2,smote,versicolor_vs_virginica,RandomForest,1,0.9640501165501165,0.04618130121279972,,20.0,200.0,
2,smote,versicolor_vs_virginica,GradientBoosting,1,0.9431410256410258,0.0550670874687228,,3.0,100.0,0.01
2,smote,versicolor_vs_virginica,GradientBoosting,1,0.9431410256410258,0.0550670874687228,,3.0,200.0,0.01
2,smote,versicolor_vs_virginica,GradientBoosting,1,0.9431410256410258,0.0550670874687228,,5.0,100.0,0.01
2,smote,versicolor_vs_virginica,GradientBoosting,1,0.9431410256410258,0.0550670874687228,,5.0,200.0,0.01
2,smote,versicolor_vs_virginica,GradientBoosting,1,0.9431410256410258,0.0550670874687228,,3.0,100.0,0.1
2,smote,versicolor_vs_virginica,GradientBoosting,7,0.9373076923076924,0.05876271946745695,,3.0,200.0,0.1
2,smote,versicolor_vs_virginica,GradientBoosting,1,0.9431410256410258,0.0550670874687228,,5.0,100.0,0.1
2,smote,versicolor_vs_virginica,GradientBoosting,7,0.9373076923076924,0.05876271946745695,,5.0,200.0,0.1
2,none,setosa_vs_Rest,LogisticRegression,4,0.0,0.0,0.01,,,
2,none,setosa_vs_Rest,LogisticRegression,1,1.0,0.0,0.1,,,
2,none,setosa_vs_Rest,LogisticRegression,1,1.0,0.0,1.0,,,
2,none,setosa_vs_Rest,LogisticRegression,1,1.0,0.0,10.0,,,
2,none,setosa_vs_Rest,SVM,1,1.0,0.0,0.01,,,
2,none,setosa_vs_Rest,SVM,1,1.0,0.0,0.1,,,
2,none,setosa_vs_Rest,SVM,1,1.0,0.0,1.0,,,
2,none,setosa_vs_Rest,SVM,1,1.0,0.0,10.0,,,
2,none,setosa_vs_Rest,RandomForest,1,1.0,0.0,,,100.0,
2,none,setosa_vs_Rest,RandomForest,1,1.0,0.0,,,200.0,
2,none,setosa_vs_Rest,RandomForest,1,1.0,0.0,,10.0,100.0,
2,none,setosa_vs_Rest,RandomForest,1,1.0,0.0,,10.0,200.0,
2,none,setosa_vs_Rest,RandomForest,1,1.0,0.0,,20.0,100.0,
2,none,setosa_vs_Rest,RandomForest,1,1.0,0.0,,20.0,200.0,
2,none,setosa_vs_Rest,GradientBoosting,1,1.0,0.0,,3.0,100.0,0.01
2,none,setosa_vs_Rest,GradientBoosting,1,1.0,0.0,,3.0,200.0,0.01
2,none,setosa_vs_Rest,GradientBoosting,1,1.0,0.0,,5.0,100.0,0.01
2,none,setosa_vs_Rest,GradientBoosting,1,1.0,0.0,,5.0,200.0,0.01
2,none,setosa_vs_Rest,GradientBoosting,1,1.0,0.0,,3.0,100.0,0.1
2,none,setosa_vs_Rest,GradientBoosting,1,1.0,0.0,,3.0,200.0,0.1
2,none,setosa_vs_Rest,GradientBoosting,1,1.0,0.0,,5.0,100.0,0.1
2,none,setosa_vs_Rest,GradientBoosting,1,1.0,0.0,,5.0,200.0,0.1
2,none,versicolor_vs_Rest,LogisticRegression,4,0.46096866096866085,0.15459247067693846,0.01,,,
2,none,versicolor_vs_Rest,LogisticRegression,3,0.6502384895805948,0.13765699591767616,0.1,,,
2,none,versicolor_vs_Rest,LogisticRegression,2,0.6827686202686203,0.12694423510628872,1.0,,,
2,none,versicolor_vs_Rest,LogisticRegression,1,0.7236678259820674,0.09642987215652432,10.0,,,
2,none,versicolor_vs_Rest,SVM,4,0.6756204799373463,0.041480740129688644,0.01,,,
2,none,versicolor_vs_Rest,SVM,3,0.7194757951027302,0.1207529714834941,0.1,,,
2,none,versicolor_vs_Rest,SVM,2,0.7355651606735198,0.11132175957790506,1.0,,,
2,none,versicolor_vs_Rest,SVM,1,0.7426878023936847,0.10850245970792792,10.0,,,
2,none,versicolor_vs_Rest,RandomForest,4,0.9623076923076923,0.053269809309086404,,,100.0,
2,none,versicolor_vs_Rest,RandomForest,1,0.9698834498834499,0.03741716925810009,,,200.0,
2,none,versicolor_vs_Rest,RandomForest,4,0.9623076923076923,0.053269809309086404,,10.0,100.0,
2,none,versicolor_vs_Rest,RandomForest,1,0.9698834498834499,0.03741716925810009,,10.0,200.0,
2,none,versicolor_vs_Rest,RandomForest,4,0.9623076923076923,0.053269809309086404,,20.0,100.0,
2,none,versicolor_vs_Rest,RandomForest,1,0.9698834498834499,0.03741716925810009,,20.0,200.0,
2,none,versicolor_vs_Rest,GradientBoosting,8,0.934453046953047,0.05794486890981993,,3.0,100.0,0.01
2,none,versicolor_vs_Rest,GradientBoosting,1,0.9496911421911423,0.04393501961432899,,3.0,200.0,0.01
2,none,versicolor_vs_Rest,GradientBoosting,7,0.9420720945720946,0.05198073467511939,,5.0,100.0,0.01
2,none,versicolor_vs_Rest,GradientBoosting,2,0.9430977355977357,0.051696225961257475,,5.0,200.0,0.01
2,none,versicolor_vs_Rest,GradientBoosting,5,0.9430244755244755,0.04073697555939446,,3.0,100.0,0.1
2,none,versicolor_vs_Rest,GradientBoosting,5,0.9430244755244755,0.04073697555939446,,3.0,200.0,0.1
2,none,versicolor_vs_Rest,GradientBoosting,2,0.9430977355977357,0.051696225961257475,,5.0,100.0,0.1
2,none,versicolor_vs_Rest,GradientBoosting,2,0.9430977355977357,0.051696225961257475,,5.0,200.0,0.1
2,none,virginica_vs_Rest,LogisticRegression,4,0.0,0.0,0.01,,,
2,none,virginica_vs_Rest,LogisticRegression,3,0.8804481792717087,0.07610565388794502,0.1,,,
2,none,virginica_vs_Rest,LogisticRegression,2,0.9534731934731935,0.038379824194213506,1.0,,,
2,none,virginica_vs_Rest,LogisticRegression,1,0.9856410256410257,0.028809378267052578,10.0,,,
2,none,virginica_vs_Rest,SVM,4,0.7119271887383343,0.07222072653465451,0.01,,,
2,none,virginica_vs_Rest,SVM,3,0.9453774167009461,0.06085177465451152,0.1,,,
2,none,virginica_vs_Rest,SVM,1,0.9798076923076924,0.04179098810019371,1.0,,,
2,none,virginica_vs_Rest,SVM,2,0.9702564102564104,0.03653643719088588,10.0,,,
2,none,virginica_vs_Rest,RandomForest,1,0.9381618381618383,0.044742420918591985,,,100.0,
2,none,virginica_vs_Rest,RandomForest,4,0.9290709290709291,0.04026606098576956,,,200.0,
2,none,virginica_vs_Rest,RandomForest,1,0.9381618381618383,0.044742420918591985,,10.0,100.0,
2,none,virginica_vs_Rest,RandomForest,4,0.9290709290709291,0.04026606098576956,,10.0,200.0,
2,none,virginica_vs_Rest,RandomForest,1,0.9381618381618383,0.044742420918591985,,20.0,100.0,
2,none,virginica_vs_Rest,RandomForest,4,0.9290709290709291,0.04026606098576956,,20.0,200.0,
2,none,virginica_vs_Rest,GradientBoosting,1,0.931048951048951,0.057144635057535934,,3.0,100.0,0.01
2,none,virginica_vs_Rest,GradientBoosting,1,0.931048951048951,0.057144635057535934,,3.0,200.0,0.01
2,none,virginica_vs_Rest,GradientBoosting,1,0.931048951048951,0.057144635057535934,,5.0,100.0,0.01
2,none,virginica_vs_Rest,GradientBoosting,1,0.931048951048951,0.057144635057535934,,5.0,200.0,0.01
2,none,virginica_vs_Rest,GradientBoosting,1,0.931048951048951,0.057144635057535934,,3.0,100.0,0.1
2,none,virginica_vs_Rest,GradientBoosting,1,0.931048951048951,0.057144635057535934,,3.0,200.0,0.1
2,none,virginica_vs_Rest,GradientBoosting,1,0.931048951048951,0.057144635057535934,,5.0,100.0,0.1
2,none,virginica_vs_Rest,GradientBoosting,1,0.931048951048951,0.057144635057535934,,5.0,200.0,0.1
2,none,setosa_vs_versicolor,LogisticRegression,4,0.26666666666666666,0.3265986323710904,0.01,,,
2,none,setosa_vs_versicolor,LogisticRegression,1,1.0,0.0,0.1,,,
2,none,setosa_vs_versicolor,LogisticRegression,1,1.0,0.0,1.0,,,
2,none,setosa_vs_versicolor,LogisticRegression,1,1.0,0.0,10.0,,,
2,none,setosa_vs_versicolor,SVM,1,1.0,0.0,0.01,,,
2,none,setosa_vs_versicolor,SVM,1,1.0,0.0,0.1,,,
2,none,setosa_vs_versicolor,SVM,1,1.0,0.0,1.0,,,
2,none,setosa_vs_versicolor,SVM,1,1.0,0.0,10.0,,,
2,none,setosa_vs_versicolor,RandomForest,1,1.0,0.0,,,100.0,
2,none,setosa_vs_versicolor,RandomForest,1,1.0,0.0,,,200.0,
2,none,setosa_vs_versicolor,RandomForest,1,1.0,0.0,,10.0,100.0,
2,none,setosa_vs_versicolor,RandomForest,1,1.0,0.0,,10.0,200.0,
2,none,setosa_vs_versicolor,RandomForest,1,1.0,0.0,,20.0,100.0,
2,none,setosa_vs_versicolor,RandomForest,1,1.0,0.0,,20.0,200.0,
2,none,setosa_vs_versicolor,GradientBoosting,1,1.0,0.0,,3.0,100.0,0.01
2,none,setosa_vs_versicolor,GradientBoosting,1,1.0,0.0,,3.0,200.0,0.01
2,none,setosa_vs_versicolor,GradientBoosting,1,1.0,0.0,,5.0,100.0,0.01
2,none,setosa_vs_versicolor,GradientBoosting,1,1.0,0.0,,5.0,200.0,0.01
2,none,setosa_vs_versicolor,GradientBoosting,1,1.0,0.0,,3.0,100.0,0.1
2,none,setosa_vs_versicolor,GradientBoosting,1,1.0,0.0,,3.0,200.0,0.1
2,none,setosa_vs_versicolor,GradientBoosting,1,1.0,0.0,,5.0,100.0,0.1
2,none,setosa_vs_versicolor,GradientBoosting,1,1.0,0.0,,5.0,200.0,0.1
2,none,setosa_vs_virginica,LogisticRegression,4,0.6659649122807018,0.03060083664619669,0.01,,,
2,none,setosa_vs_virginica,LogisticRegression,1,1.0,0.0,0.1,,,
2,none,setosa_vs_virginica,LogisticRegression,1,1.0,0.0,1.0,,,
2,none,setosa_vs_virginica,LogisticRegression,1,1.0,0.0,10.0,,,
2,none,setosa_vs_virginica,SVM,1,1.0,0.0,0.01,,,
2,none,setosa_vs_virginica,SVM,1,1.0,0.0,0.1,,,
2,none,setosa_vs_virginica,SVM,1,1.0,0.0,1.0,,,
2,none,setosa_vs_virginica,SVM,1,1.0,0.0,10.0,,,
2,none,setosa_vs_virginica,RandomForest,1,1.0,0.0,,,100.0,
2,none,setosa_vs_virginica,RandomForest,1,1.0,0.0,,,200.0,
2,none,setosa_vs_virginica,RandomForest,1,1.0,0.0,,10.0,100.0,
2,none,setosa_vs_virginica,RandomForest,1,1.0,0.0,,10.0,200.0,
2,none,setosa_vs_virginica,RandomForest,1,1.0,0.0,,20.0,100.0,
2,none,setosa_vs_virginica,RandomForest,1,1.0,0.0,,20.0,200.0,
2,none,setosa_vs_virginica,GradientBoosting,1,1.0,0.0,,3.0,100.0,0.01
2,none,setosa_vs_virginica,GradientBoosting,1,1.0,0.0,,3.0,200.0,0.01
2,none,setosa_vs_virginica,GradientBoosting,1,1.0,0.0,,5.0,100.0,0.01
2,none,setosa_vs_virginica,GradientBoosting,1,1.0,0.0,,5.0,200.0,0.01
2,none,setosa_vs_virginica,GradientBoosting,1,1.0,0.0,,3.0,100.0,0.1
2,none,setosa_vs_virginica,GradientBoosting,1,1.0,0.0,,3.0,200.0,0.1
2,none,setosa_vs_virginica,GradientBoosting,1,1.0,0.0,,5.0,100.0,0.1
2,none,setosa_vs_virginica,GradientBoosting,1,1.0,0.0,,5.0,200.0,0.1
2,none,versicolor_vs_virginica,LogisticRegression,4,0.4629824561403509,0.303650154677758,0.01,,,
2,none,versicolor_vs_virginica,LogisticRegression,2,0.9573834498834499,0.04531424502709449,0.1,,,
2,none,versicolor_vs_virginica,LogisticRegression,2,0.9573834498834499,0.04531424502709449,1.0,,,
2,none,versicolor_vs_virginica,LogisticRegression,1,0.9632167832167833,0.03739639760371724,10.0,,,
2,none,versicolor_vs_virginica,SVM,4,0.9142307692307693,0.04245196844960841,0.01,,,
2,none,versicolor_vs_virginica,SVM,2,0.9832167832167832,0.033711806414528526,0.1,,,
2,none,versicolor_vs_virginica,SVM,1,0.9933333333333334,0.019999999999999997,1.0,,,
2,none,versicolor_vs_virginica,SVM,3,0.9565501165501165,0.03616694158057076,10.0,,,
2,none,versicolor_vs_virginica,RandomForest,1,0.9640501165501165,0.04618130121279972,,,100.0,
2,none,versicolor_vs_virginica,RandomForest,1,0.9640501165501165,0.04618130121279972,,,200.0,
2,none,versicolor_vs_virginica,RandomForest,1,0.9640501165501165,0.04618130121279972,,10.0,100.0,
2,none,versicolor_vs_virginica,RandomForest,1,0.9640501165501165,0.04618130121279972,,10.0,200.0,
2,none,versicolor_vs_virginica,RandomForest,1,0.9640501165501165,0.04618130121279972,,20.0,100.0,
2,none,versicolor_vs_virginica,RandomForest,1,0.9640501165501165,0.04618130121279972,,20.0,200.0,
2,none,versicolor_vs_virginica,GradientBoosting,1,0.9431410256410258,0.0550670874687228,,3.0,100.0,0.01
2,none,versicolor_vs_virginica,GradientBoosting,1,0.9431410256410258,0.0550670874687228,,3.0,200.0,0.01
2,none,versicolor_vs_virginica,GradientBoosting,1,0.9431410256410258,0.0550670874687228,,5.0,100.0,0.01
2,none,versicolor_vs_virginica,GradientBoosting,1,0.9431410256410258,0.0550670874687228,,5.0,200.0,0.01
2,none,versicolor_vs_virginica,GradientBoosting,1,0.9431410256410258,0.0550670874687228,,3.0,100.0,0.1
2,none,versicolor_vs_virginica,GradientBoosting,7,0.9373076923076924,0.05876271946745695,,3.0,200.0,0.1
2,none,versicolor_vs_virginica,GradientBoosting,1,0.9431410256410258,0.0550670874687228,,5.0,100.0,0.1
2,none,versicolor_vs_virginica,GradientBoosting,7,0.9373076923076924,0.05876271946745695,,5.0,200.0,0.1
3,smote,setosa_vs_Rest,LogisticRegression,4,0.09230769230769231,0.18461538461538463,0.01,,,
3,smote,setosa_vs_Rest,LogisticRegression,3,0.9866666666666667,0.026666666666666658,0.1,,,
3,smote,setosa_vs_Rest,LogisticRegression,1,1.0,0.0,1.0,,,
3,smote,setosa_vs_Rest,LogisticRegression,1,1.0,0.0,10.0,,,
3,smote,setosa_vs_Rest,SVM,1,1.0,0.0,0.01,,,
3,smote,setosa_vs_Rest,SVM,1,1.0,0.0,0.1,,,
3,smote,setosa_vs_Rest,SVM,1,1.0,0.0,1.0,,,
3,smote,setosa_vs_Rest,SVM,1,1.0,0.0,10.0,,,
3,smote,setosa_vs_Rest,RandomForest,1,1.0,0.0,,,100.0,
3,smote,setosa_vs_Rest,RandomForest,1,1.0,0.0,,,200.0,
3,smote,setosa_vs_Rest,RandomForest,1,1.0,0.0,,10.0,100.0,
3,smote,setosa_vs_Rest,RandomForest,1,1.0,0.0,,10.0,200.0,
3,smote,setosa_vs_Rest,RandomForest,1,1.0,0.0,,20.0,100.0,
3,smote,setosa_vs_Rest,RandomForest,1,1.0,0.0,,20.0,200.0,
3,smote,setosa_vs_Rest,GradientBoosting,1,1.0,0.0,,3.0,100.0,0.01
3,smote,setosa_vs_Rest,GradientBoosting,1,1.0,0.0,,3.0,200.0,0.01
3,smote,setosa_vs_Rest,GradientBoosting,1,1.0,0.0,,5.0,100.0,0.01
3,smote,setosa_vs_Rest,GradientBoosting,1,1.0,0.0,,5.0,200.0,0.01
3,smote,setosa_vs_Rest,GradientBoosting,1,1.0,0.0,,3.0,100.0,0.1
3,smote,setosa_vs_Rest,GradientBoosting,1,1.0,0.0,,3.0,200.0,0.1
3,smote,setosa_vs_Rest,GradientBoosting,1,1.0,0.0,,5.0,100.0,0.1
3,smote,setosa_vs_Rest,GradientBoosting,1,1.0,0.0,,5.0,200.0,0.1
3,smote,versicolor_vs_Rest,LogisticRegression,4,0.09230769230769231,0.18461538461538463,0.01,,,
3,smote,versicolor_vs_Rest,LogisticRegression,1,0.6396181759417053,0.13656375189051914,0.1,,,
3,smote,versicolor_vs_Rest,LogisticRegression,2,0.6038185017596783,0.14959099323067265,1.0,,,
3,smote,versicolor_vs_Rest,LogisticRegression,3,0.603795877325289,0.14338283760800175,10.0,,,
3,smote,versicolor_vs_Rest,SVM,1,0.6594239609719487,0.05397544502909546,0.01,,,
3,smote,versicolor_vs_Rest,SVM,3,0.6487650722170846,0.12692506305224466,0.1,,,
3,smote,versicolor_vs_Rest,SVM,2,0.6570701357466062,0.13479233066223073,1.0,,,
3,smote,versicolor_vs_Rest,SVM,4,0.6368086978381096,0.12779738926547765,10.0,,,
3,smote,versicolor_vs_Rest,RandomForest,1,0.934945054945055,0.06461837475327073,,,100.0,
3,smote,versicolor_vs_Rest,RandomForest,1,0.934945054945055,0.06461837475327073,,,200.0,
3,smote,versicolor_vs_Rest,RandomForest,1,0.934945054945055,0.06461837475327073,,10.0,100.0,
3,smote,versicolor_vs_Rest,RandomForest,1,0.934945054945055,0.06461837475327073,,10.0,200.0,
3,smote,versicolor_vs_Rest,RandomForest,1,0.934945054945055,0.06461837475327073,,20.0,100.0,
3,smote,versicolor_vs_Rest,RandomForest,1,0.934945054945055,0.06461837475327073,,20.0,200.0,
3,smote,versicolor_vs_Rest,GradientBoosting,1,0.9415384615384615,0.059504860325580645,,3.0,100.0,0.01
3,smote,versicolor_vs_Rest,GradientBoosting,7,0.934945054945055,0.06461837475327073,,3.0,200.0,0.01
3,smote,versicolor_vs_Rest,GradientBoosting,1,0.9415384615384615,0.059504860325580645,,5.0,100.0,0.01
3,smote,versicolor_vs_Rest,GradientBoosting,7,0.934945054945055,0.06461837475327073,,5.0,200.0,0.01
3,smote,versicolor_vs_Rest,GradientBoosting,1,0.9415384615384615,0.059504860325580645,,3.0,100.0,0.1
3,smote,versicolor_vs_Rest,GradientBoosting,1,0.9415384615384615,0.059504860325580645,,3.0,200.0,0.1
3,smote,versicolor_vs_Rest,GradientBoosting,1,0.9415384615384615,0.059504860325580645,,5.0,100.0,0.1
3,smote,versicolor_vs_Rest,GradientBoosting,1,0.9415384615384615,0.059504860325580645,,5.0,200.0,0.1
3,smote,virginica_vs_Rest,LogisticRegression,4,0.4495726495726496,0.15200865313526776,0.01,,,
3,smote,virginica_vs_Rest,LogisticRegression,3,0.89423023055376,0.07381701546844531,0.1,,,
3,smote,virginica_vs_Rest,LogisticRegression,1,0.9358516483516484,0.05748277622779478,1.0,,,
3,smote,virginica_vs_Rest,LogisticRegression,2,0.9147527472527474,0.05740036678657572,10.0,,,
3,smote,virginica_vs_Rest,SVM,4,0.694922913343966,0.05656066979653452,0.01,,,
3,smote,virginica_vs_Rest,SVM,3,0.8891849816849817,0.05986448648691398,0.1,,,
3,smote,virginica_vs_Rest,SVM,2,0.9214926739926741,0.04787526256858073,1.0,,,
3,smote,virginica_vs_Rest,SVM,1,0.9223717948717949,0.05421610549158391,10.0,,,
3,smote,virginica_vs_Rest,RandomForest,4,0.9191849816849818,0.06054742913267532,,,100.0,
3,smote,virginica_vs_Rest,RandomForest,1,0.9257783882783883,0.056913182682750606,,,200.0,
3,smote,virginica_vs_Rest,RandomForest,4,0.9191849816849818,0.06054742913267532,,10.0,100.0,
3,smote,virginica_vs_Rest,RandomForest,1,0.9257783882783883,0.056913182682750606,,10.0,200.0,
3,smote,virginica_vs_Rest,RandomForest,4,0.9191849816849818,0.06054742913267532,,20.0,100.0,
3,smote,virginica_vs_Rest,RandomForest,1,0.9257783882783883,0.056913182682750606,,20.0,200.0,
3,smote,virginica_vs_Rest,GradientBoosting,1,0.9191849816849818,0.06054742913267532,,3.0,100.0,0.01
3,smote,virginica_vs_Rest,GradientBoosting,1,0.9191849816849818,0.06054742913267532,,3.0,200.0,0.01
3,smote,virginica_vs_Rest,GradientBoosting,1,0.9191849816849818,0.06054742913267532,,5.0,100.0,0.01
3,smote,virginica_vs_Rest,GradientBoosting,1,0.9191849816849818,0.06054742913267532,,5.0,200.0,0.01
3,smote,virginica_vs_Rest,GradientBoosting,1,0.9191849816849818,0.06054742913267532,,3.0,100.0,0.1
3,smote,virginica_vs_Rest,GradientBoosting,1,0.9191849816849818,0.06054742913267532,,3.0,200.0,0.1
3,smote,virginica_vs_Rest,GradientBoosting,1,0.9191849816849818,0.06054742913267532,,5.0,100.0,0.1
3,smote,virginica_vs_Rest,GradientBoosting,1,0.9191849816849818,0.06054742913267532,,5.0,200.0,0.1
3,smote,setosa_vs_versicolor,LogisticRegression,4,0.0,0.0,0.01,,,
3,smote,setosa_vs_versicolor,LogisticRegression,1,1.0,0.0,0.1,,,
3,smote,setosa_vs_versicolor,LogisticRegression,1,1.0,0.0,1.0,,,
3,smote,setosa_vs_versicolor,LogisticRegression,1,1.0,0.0,10.0,,,
3,smote,setosa_vs_versicolor,SVM,1,1.0,0.0,0.01,,,
3,smote,setosa_vs_versicolor,SVM,1,1.0,0.0,0.1,,,
3,smote,setosa_vs_versicolor,SVM,1,1.0,0.0,1.0,,,
3,smote,setosa_vs_versicolor,SVM,1,1.0,0.0,10.0,,,
3,smote,setosa_vs_versicolor,RandomForest,1,1.0,0.0,,,100.0,
3,smote,setosa_vs_versicolor,RandomForest,1,1.0,0.0,,,200.0,
3,smote,setosa_vs_versicolor,RandomForest,1,1.0,0.0,,10.0,100.0,
3,smote,setosa_vs_versicolor,RandomForest,1,1.0,0.0,,10.0,200.0,
3,smote,setosa_vs_versicolor,RandomForest,1,1.0,0.0,,20.0,100.0,
3,smote,setosa_vs_versicolor,RandomForest,1,1.0,0.0,,20.0,200.0,
3,smote,setosa_vs_versicolor,GradientBoosting,1,1.0,0.0,,3.0,100.0,0.01
3,smote,setosa_vs_versicolor,GradientBoosting,1,1.0,0.0,,3.0,200.0,0.01
3,smote,setosa_vs_versicolor,GradientBoosting,1,1.0,0.0,,5.0,100.0,0.01
3,smote,setosa_vs_versicolor,GradientBoosting,1,1.0,0.0,,5.0,200.0,0.01
3,smote,setosa_vs_versicolor,GradientBoosting,1,1.0,0.0,,3.0,100.0,0.1
3,smote,setosa_vs_versicolor,GradientBoosting,1,1.0,0.0,,3.0,200.0,0.1
3,smote,setosa_vs_versicolor,GradientBoosting,1,1.0,0.0,,5.0,100.0,0.1
3,smote,setosa_vs_versicolor,GradientBoosting,1,1.0,0.0,,5.0,200.0,0.1
3,smote,setosa_vs_virginica,LogisticRegression,4,0.0,0.0,0.01,,,
3,smote,setosa_vs_virginica,LogisticRegression,1,1.0,0.0,0.1,,,
3,smote,setosa_vs_virginica,LogisticRegression,1,1.0,0.0,1.0,,,
3,smote,setosa_vs_virginica,LogisticRegression,1,1.0,0.0,10.0,,,
3,smote,setosa_vs_virginica,SVM,1,1.0,0.0,0.01,,,
3,smote,setosa_vs_virginica,SVM,1,1.0,0.0,0.1,,,
3,smote,setosa_vs_virginica,SVM,1,1.0,0.0,1.0,,,
3,smote,setosa_vs_virginica,SVM,1,1.0,0.0,10.0,,,
3,smote,setosa_vs_virginica,RandomForest,1,1.0,0.0,,,100.0,
3,smote,setosa_vs_virginica,RandomForest,1,1.0,0.0,,,200.0,
3,smote,setosa_vs_virginica,RandomForest,1,1.0,0.0,,10.0,100.0,
3,smote,setosa_vs_virginica,RandomForest,1,1.0,0.0,,10.0,200.0,
3,smote,setosa_vs_virginica,RandomForest,1,1.0,0.0,,20.0,100.0,
3,smote,setosa_vs_virginica,RandomForest,1,1.0,0.0,,20.0,200.0,
3,smote,setosa_vs_virginica,GradientBoosting,1,1.0,0.0,,3.0,100.0,0.01
3,smote,setosa_vs_virginica,GradientBoosting,1,1.0,0.0,,3.0,200.0,0.01
3,smote,setosa_vs_virginica,GradientBoosting,1,1.0,0.0,,5.0,100.0,0.01
3,smote,setosa_vs_virginica,GradientBoosting,1,1.0,0.0,,5.0,200.0,0.01
3,smote,setosa_vs_virginica,GradientBoosting,1,1.0,0.0,,3.0,100.0,0.1
3,smote,setosa_vs_virginica,GradientBoosting,1,1.0,0.0,,3.0,200.0,0.1
3,smote,setosa_vs_virginica,GradientBoosting,1,1.0,0.0,,5.0,100.0,0.1
3,smote,setosa_vs_virginica,GradientBoosting,1,1.0,0.0,,5.0,200.0,0.1
3,smote,versicolor_vs_virginica,LogisticRegression,4,0.0,0.0,0.01,,,
3,smote,versicolor_vs_virginica,LogisticRegression,1,0.9535897435897436,0.053324086969685255,0.1,,,
3,smote,versicolor_vs_virginica,LogisticRegression,2,0.9446153846153846,0.06415587526767089,1.0,,,
3,smote,versicolor_vs_virginica,LogisticRegression,3,0.9356410256410257,0.07230087256437516,10.0,,,
3,smote,versicolor_vs_virginica,SVM,4,0.908992673992674,0.041660624285137615,0.01,,,
3,smote,versicolor_vs_virginica,SVM,3,0.9259440559440559,0.08389614176407796,0.1,,,
3,smote,versicolor_vs_virginica,SVM,2,0.9278321678321678,0.05825288156118481,1.0,,,
3,smote,versicolor_vs_virginica,SVM,1,0.9432167832167833,0.06475977570277172,10.0,,,
3,smote,versicolor_vs_virginica,RandomForest,4,0.937948717948718,0.06146149032442515,,,100.0,
3,smote,versicolor_vs_virginica,RandomForest,1,0.9446153846153846,0.06415587526767089,,,200.0,
3,smote,versicolor_vs_virginica,RandomForest,4,0.937948717948718,0.06146149032442515,,10.0,100.0,
3,smote,versicolor_vs_virginica,RandomForest,1,0.9446153846153846,0.06415587526767089,,10.0,200.0,
3,smote,versicolor_vs_virginica,RandomForest,4,0.937948717948718,0.06146149032442515,,20.0,100.0,
3,smote,versicolor_vs_virginica,RandomForest,1,0.9446153846153846,0.06415587526767089,,20.0,200.0,
3,smote,versicolor_vs_virginica,GradientBoosting,1,0.9446153846153846,0.06415587526767089,,3.0,100.0,0.01
3,smote,versicolor_vs_virginica,GradientBoosting,1,0.9446153846153846,0.06415587526767089,,3.0,200.0,0.01
3,smote,versicolor_vs_virginica,GradientBoosting,1,0.9446153846153846,0.06415587526767089,,5.0,100.0,0.01
3,smote,versicolor_vs_virginica,GradientBoosting,1,0.9446153846153846,0.06415587526767089,,5.0,200.0,0.01
3,smote,versicolor_vs_virginica,GradientBoosting,5,0.936923076923077,0.06161533659846394,,3.0,100.0,0.1
3,smote,versicolor_vs_virginica,GradientBoosting,5,0.936923076923077,0.06161533659846394,,3.0,200.0,0.1
3,smote,versicolor_vs_virginica,GradientBoosting,5,0.936923076923077,0.06161533659846394,,5.0,100.0,0.1
3,smote,versicolor_vs_virginica,GradientBoosting,5,0.936923076923077,0.06161533659846394,,5.0,200.0,0.1
3,none,setosa_vs_Rest,LogisticRegression,4,0.0,0.0,0.01,,,
3,none,setosa_vs_Rest,LogisticRegression,3,0.9866666666666667,0.026666666666666658,0.1,,,
3,none,setosa_vs_Rest,LogisticRegression,1,1.0,0.0,1.0,,,
3,none,setosa_vs_Rest,LogisticRegression,1,1.0,0.0,10.0,,,
3,none,setosa_vs_Rest,SVM,1,1.0,0.0,0.01,,,
3,none,setosa_vs_Rest,SVM,1,1.0,0.0,0.1,,,
3,none,setosa_vs_Rest,SVM,1,1.0,0.0,1.0,,,
3,none,setosa_vs_Rest,SVM,1,1.0,0.0,10.0,,,
3,none,setosa_vs_Rest,RandomForest,1,1.0,0.0,,,100.0,
3,none,setosa_vs_Rest,RandomForest,1,1.0,0.0,,,200.0,
3,none,setosa_vs_Rest,RandomForest,1,1.0,0.0,,10.0,100.0,
3,none,setosa_vs_Rest,RandomForest,1,1.0,0.0,,10.0,200.0,
3,none,setosa_vs_Rest,RandomForest,1,1.0,0.0,,20.0,100.0,
3,none,setosa_vs_Rest,RandomForest,1,1.0,0.0,,20.0,200.0,
3,none,setosa_vs_Rest,GradientBoosting,1,1.0,0.0,,3.0,100.0,0.01
3,none,setosa_vs_Rest,GradientBoosting,1,1.0,0.0,,3.0,200.0,0.01
3,none,setosa_vs_Rest,GradientBoosting,1,1.0,0.0,,5.0,100.0,0.01
3,none,setosa_vs_Rest,GradientBoosting,1,1.0,0.0,,5.0,200.0,0.01
3,none,setosa_vs_Rest,GradientBoosting,1,1.0,0.0,,3.0,100.0,0.1
3,none,setosa_vs_Rest,GradientBoosting,1,1.0,0.0,,3.0,200.0,0.1
3,none,setosa_vs_Rest,GradientBoosting,1,1.0,0.0,,5.0,100.0,0.1
3,none,setosa_vs_Rest,GradientBoosting,1,1.0,0.0,,5.0,200.0,0.1
3,none,versicolor_vs_Rest,LogisticRegression,4,0.4495726495726496,0.15200865313526776,0.01,,,
3,none,versicolor_vs_Rest,LogisticRegression,1,0.6357009072798546,0.13094227904394026,0.1,,,
3,none,versicolor_vs_Rest,LogisticRegression,3,0.5963549522373053,0.1448889627237435,1.0,,,
3,none,versicolor_vs_Rest,LogisticRegression,2,0.6122171945701357,0.14609131789377536,10.0,,,
3,none,versicolor_vs_Rest,SVM,2,0.6594239609719487,0.05397544502909546,0.01,,,
3,none,versicolor_vs_Rest,SVM,4,0.6164595346174294,0.09430390886546637,0.1,,,
3,none,versicolor_vs_Rest,SVM,1,0.6630606021085896,0.08769993526712329,1.0,,,
3,none,versicolor_vs_Rest,SVM,3,0.6523665876607053,0.08630682347611983,10.0,,,
3,none,versicolor_vs_Rest,RandomForest,1,0.9406593406593406,0.054103444505895264,,,100.0,
3,none,versicolor_vs_Rest,RandomForest,1,0.9406593406593406,0.054103444505895264,,,200.0,
3,none,versicolor_vs_Rest,RandomForest,1,0.9406593406593406,0.054103444505895264,,10.0,100.0,
3,none,versicolor_vs_Rest,RandomForest,1,0.9406593406593406,0.054103444505895264,,10.0,200.0,
3,none,versicolor_vs_Rest,RandomForest,1,0.9406593406593406,0.054103444505895264,,20.0,100.0,
3,none,versicolor_vs_Rest,RandomForest,1,0.9406593406593406,0.054103444505895264,,20.0,200.0,
3,none,versicolor_vs_Rest,GradientBoosting,2,0.9382783882783883,0.05810250128970727,,3.0,100.0,0.01
3,none,versicolor_vs_Rest,GradientBoosting,1,0.9472527472527472,0.04708634128709571,,3.0,200.0,0.01
3,none,versicolor_vs_Rest,GradientBoosting,4,0.9316849816849817,0.0629890199356348,,5.0,100.0,0.01
3,none,versicolor_vs_Rest,GradientBoosting,4,0.9316849816849817,0.0629890199356348,,5.0,200.0,0.01
3,none,versicolor_vs_Rest,GradientBoosting,3,0.9381618381618383,0.044742420918591985,,3.0,100.0,0.1
3,none,versicolor_vs_Rest,GradientBoosting,8,0.9305860805860806,0.05439560439560439,,3.0,200.0,0.1
3,none,versicolor_vs_Rest,GradientBoosting,4,0.9316849816849817,0.0629890199356348,,5.0,100.0,0.1
3,none,versicolor_vs_Rest,GradientBoosting,4,0.9316849816849817,0.0629890199356348,,5.0,200.0,0.1
3,none,virginica_vs_Rest,LogisticRegression,4,0.0,0.0,0.01,,,
3,none,virginica_vs_Rest,LogisticRegression,3,0.8765831717302305,0.06722104768910386,0.1,,,
3,none,virginica_vs_Rest,LogisticRegression,1,0.9424450549450549,0.05155199832769155,1.0,,,
3,none,virginica_vs_Rest,LogisticRegression,2,0.920393772893773,0.03550922746097155,10.0,,,
3,none,virginica_vs_Rest,SVM,4,0.7147182349813929,0.06624062928666954,0.01,,,
3,none,virginica_vs_Rest,SVM,3,0.9093040293040293,0.06692603412670743,0.1,,,
3,none,virginica_vs_Rest,SVM,1,0.922518315018315,0.04800789480224195,1.0,,,
3,none,virginica_vs_Rest,SVM,2,0.9223717948717949,0.05421610549158391,10.0,,,
3,none,virginica_vs_Rest,RandomForest,4,0.9323717948717949,0.05220424820426007,,,100.0,
3,none,virginica_vs_Rest,RandomForest,1,0.9413461538461538,0.040896481381032176,,,200.0,
3,none,virginica_vs_Rest,RandomForest,4,0.9323717948717949,0.05220424820426007,,10.0,100.0,
3,none,virginica_vs_Rest,RandomForest,1,0.9413461538461538,0.040896481381032176,,10.0,200.0,
3,none,virginica_vs_Rest,RandomForest,4,0.9323717948717949,0.05220424820426007,,20.0,100.0,
3,none,virginica_vs_Rest,RandomForest,1,0.9413461538461538,0.040896481381032176,,20.0,200.0,
3,none,virginica_vs_Rest,GradientBoosting,5,0.9127913752913754,0.08086911640706292,,3.0,100.0,0.01
3,none,virginica_vs_Rest,GradientBoosting,5,0.9127913752913754,0.08086911640706292,,3.0,200.0,0.01
3,none,virginica_vs_Rest,GradientBoosting,5,0.9127913752913754,0.08086911640706292,,5.0,100.0,0.01
3,none,virginica_vs_Rest,GradientBoosting,5,0.9127913752913754,0.08086911640706292,,5.0,200.0,0.01
3,none,virginica_vs_Rest,GradientBoosting,1,0.923397435897436,0.06014122241685445,,3.0,100.0,0.1
3,none,virginica_vs_Rest,GradientBoosting,1,0.923397435897436,0.06014122241685445,,3.0,200.0,0.1
3,none,virginica_vs_Rest,GradientBoosting,1,0.923397435897436,0.06014122241685445,,5.0,100.0,0.1
3,none,virginica_vs_Rest,GradientBoosting,1,0.923397435897436,0.06014122241685445,,5.0,200.0,0.1
3,none,setosa_vs_versicolor,LogisticRegression,4,0.3929824561403509,0.32112452459361546,0.01,,,
3,none,setosa_vs_versicolor,LogisticRegression,1,1.0,0.0,0.1,,,
3,none,setosa_vs_versicolor,LogisticRegression,1,1.0,0.0,1.0,,,
3,none,setosa_vs_versicolor,LogisticRegression,1,1.0,0.0,10.0,,,
3,none,setosa_vs_versicolor,SVM,1,1.0,0.0,0.01,,,
3,none,setosa_vs_versicolor,SVM,1,1.0,0.0,0.1,,,
3,none,setosa_vs_versicolor,SVM,1,1.0,0.0,1.0,,,
3,none,setosa_vs_versicolor,SVM,1,1.0,0.0,10.0,,,
3,none,setosa_vs_versicolor,RandomForest,1,1.0,0.0,,,100.0,
3,none,setosa_vs_versicolor,RandomForest,1,1.0,0.0,,,200.0,
3,none,setosa_vs_versicolor,RandomForest,1,1.0,0.0,,10.0,100.0,
3,none,setosa_vs_versicolor,RandomForest,1,1.0,0.0,,10.0,200.0,
3,none,setosa_vs_versicolor,RandomForest,1,1.0,0.0,,20.0,100.0,
3,none,setosa_vs_versicolor,RandomForest,1,1.0,0.0,,20.0,200.0,
3,none,setosa_vs_versicolor,GradientBoosting,1,1.0,0.0,,3.0,100.0,0.01
3,none,setosa_vs_versicolor,GradientBoosting,1,1.0,0.0,,3.0,200.0,0.01
3,none,setosa_vs_versicolor,GradientBoosting,1,1.0,0.0,,5.0,100.0,0.01
3,none,setosa_vs_versicolor,GradientBoosting,1,1.0,0.0,,5.0,200.0,0.01
3,none,setosa_vs_versicolor,GradientBoosting,1,1.0,0.0,,3.0,100.0,0.1
3,none,setosa_vs_versicolor,GradientBoosting,1,1.0,0.0,,3.0,200.0,0.1
3,none,setosa_vs_versicolor,GradientBoosting,1,1.0,0.0,,5.0,100.0,0.1
3,none,setosa_vs_versicolor,GradientBoosting,1,1.0,0.0,,5.0,200.0,0.1
3,none,setosa_vs_virginica,LogisticRegression,4,0.3929824561403509,0.32112452459361546,0.01,,,
3,none,setosa_vs_virginica,LogisticRegression,1,1.0,0.0,0.1,,,
3,none,setosa_vs_virginica,LogisticRegression,1,1.0,0.0,1.0,,,
3,none,setosa_vs_virginica,LogisticRegression,1,1.0,0.0,10.0,,,
3,none,setosa_vs_virginica,SVM,1,1.0,0.0,0.01,,,
3,none,setosa_vs_virginica,SVM,1,1.0,0.0,0.1,,,
3,none,setosa_vs_virginica,SVM,1,1.0,0.0,1.0,,,
3,none,setosa_vs_virginica,SVM,1,1.0,0.0,10.0,,,
3,none,setosa_vs_virginica,RandomForest,1,1.0,0.0,,,100.0,
3,none,setosa_vs_virginica,RandomForest,1,1.0,0.0,,,200.0,
3,none,setosa_vs_virginica,RandomForest,1,1.0,0.0,,10.0,100.0,
3,none,setosa_vs_virginica,RandomForest,1,1.0,0.0,,10.0,200.0,
3,none,setosa_vs_virginica,RandomForest,1,1.0,0.0,,20.0,100.0,
3,none,setosa_vs_virginica,RandomForest,1,1.0,0.0,,20.0,200.0,
3,none,setosa_vs_virginica,GradientBoosting,1,1.0,0.0,,3.0,100.0,0.01
3,none,setosa_vs_virginica,GradientBoosting,1,1.0,0.0,,3.0,200.0,0.01
3,none,setosa_vs_virginica,GradientBoosting,1,1.0,0.0,,5.0,100.0,0.01
3,none,setosa_vs_virginica,GradientBoosting,1,1.0,0.0,,5.0,200.0,0.01
3,none,setosa_vs_virginica,GradientBoosting,1,1.0,0.0,,3.0,100.0,0.1
3,none,setosa_vs_virginica,GradientBoosting,1,1.0,0.0,,3.0,200.0,0.1
3,none,setosa_vs_virginica,GradientBoosting,1,1.0,0.0,,5.0,100.0,0.1
3,none,setosa_vs_virginica,GradientBoosting,1,1.0,0.0,,5.0,200.0,0.1
3,none,versicolor_vs_virginica,LogisticRegression,4,0.5326315789473683,0.2680678791120531,0.01,,,
3,none,versicolor_vs_virginica,LogisticRegression,1,0.9535897435897436,0.053324086969685255,0.1,,,
3,none,versicolor_vs_virginica,LogisticRegression,2,0.9446153846153846,0.06415587526767089,1.0,,,
3,none,versicolor_vs_virginica,LogisticRegression,3,0.9356410256410257,0.07230087256437516,10.0,,,
3,none,versicolor_vs_virginica,SVM,4,0.9155860805860806,0.03798856224986912,0.01,,,
3,none,versicolor_vs_virginica,SVM,3,0.9273426573426574,0.0837199241890991,0.1,,,
3,none,versicolor_vs_virginica,SVM,2,0.9355244755244756,0.06207080615926057,1.0,,,
3,none,versicolor_vs_virginica,SVM,1,0.9432167832167833,0.06475977570277172,10.0,,,
3,none,versicolor_vs_virginica,RandomForest,4,0.937948717948718,0.06146149032442515,,,100.0,
3,none,versicolor_vs_virginica,RandomForest,1,0.9446153846153846,0.06415587526767089,,,200.0,
3,none,versicolor_vs_virginica,RandomForest,4,0.937948717948718,0.06146149032442515,,10.0,100.0,
3,none,versicolor_vs_virginica,RandomForest,1,0.9446153846153846,0.06415587526767089,,10.0,200.0,
3,none,versicolor_vs_virginica,RandomForest,4,0.937948717948718,0.06146149032442515,,20.0,100.0,
3,none,versicolor_vs_virginica,RandomForest,1,0.9446153846153846,0.06415587526767089,,20.0,200.0,
3,none,versicolor_vs_virginica,GradientBoosting,1,0.9521911421911422,0.054280876659179834,,3.0,100.0,0.01
3,none,versicolor_vs_virginica,GradientBoosting,1,0.9521911421911422,0.054280876659179834,,3.0,200.0,0.01
3,none,versicolor_vs_virginica,GradientBoosting,1,0.9521911421911422,0.054280876659179834,,5.0,100.0,0.01
3,none,versicolor_vs_virginica,GradientBoosting,1,0.9521911421911422,0.054280876659179834,,5.0,200.0,0.01
3,none,versicolor_vs_virginica,GradientBoosting,1,0.9521911421911422,0.054280876659179834,,3.0,100.0,0.1
3,none,versicolor_vs_virginica,GradientBoosting,1,0.9521911421911422,0.054280876659179834,,3.0,200.0,0.1
3,none,versicolor_vs_virginica,GradientBoosting,1,0.9521911421911422,0.054280876659179834,,5.0,100.0,0.1
3,none,versicolor_vs_virginica,GradientBoosting,1,0.9521911421911422,0.054280876659179834,,5.0,200.0,0.1
