{
  "run_id": "adfa02d6-f683-4681-9b2b-3a4319ffdf1c",
  "timestamp": "2026-01-13T13:49:40.350825",
  "package_version": "0.1.0",
  "training_data_path": "data/iris_data.csv",
  "training_data_hash": "5cd9f5a8a2823f0d9e964d3250bb60c03e2f2a576f9cc4c41bbe6e1b78427d6e",
  "training_data_size_bytes": 4026,
  "training_data_row_count": 150,
  "config": {
    "data_csv": "data/iris_data.csv",
    "label_col": "Species",
    "pos_label": null,
    "feature_cols": null,
    "outdir": "derived",
    "outer_folds": 3,
    "inner_splits": 5,
    "inner_repeats": 2,
    "random_state": 42,
    "smote_mode": "both",
    "smote_k_neighbors": 5,
    "max_iter": 10000,
    "classes": null,
    "tasks_json": null,
    "meta_C_grid": [
      0.01,
      0.1,
      1,
      10
    ]
  },
  "task_type": "meta",
  "python_version": "3.11.10",
  "hostname": "imac.lan",
  "git_hash": "833f7683dd39d26d7445ca01f2149f67db7dc5b8",
  "artifact_registry": {},
  "feature_list": [
    "Petal.Width",
    "Sepal.Length",
    "Sepal.Width",
    "Petal.Length"
  ],
  "feature_summaries": {},
  "task_definitions": {
    "setosa_vs_Rest": "<function TaskBuilder._make_ovr_fn.<locals>.labeler at 0x142695e40>",
    "versicolor_vs_Rest": "<function TaskBuilder._make_ovr_fn.<locals>.labeler at 0x1426960c0>",
    "virginica_vs_Rest": "<function TaskBuilder._make_ovr_fn.<locals>.labeler at 0x142696200>",
    "setosa_vs_versicolor": "<function TaskBuilder._make_pairwise_fn.<locals>.labeler at 0x142696160>",
    "setosa_vs_virginica": "<function TaskBuilder._make_pairwise_fn.<locals>.labeler at 0x142696340>",
    "versicolor_vs_virginica": "<function TaskBuilder._make_pairwise_fn.<locals>.labeler at 0x1426962a0>"
  },
  "best_models": {},
  "hierarchical": false,
  "l1_classes": null,
  "l2_classes_per_branch": null,
  "l3_classes_per_branch": null
}